ds,y
2020/2/1,1
2020/2/2,1
2020/2/3,3
2020/2/4,2
2020/2/5,1
2020/2/6,2
2020/2/7,3
2020/2/8,1
2020/2/9,1
2020/2/10,8
2020/2/11,5
2020/2/12,1
2020/2/14,1
2020/2/15,1
2020/2/16,2
2020/2/17,3
2020/2/18,1
2020/2/19,2
2020/2/20,2
2020/2/22,2
2020/2/23,5
2020/2/24,4
2020/2/25,6
2020/2/26,10
2020/2/27,13
2020/2/28,6
2020/2/29,5
2020/3/1,5
2020/3/2,16
2020/3/3,11
2020/3/4,9
2020/3/5,21
2020/3/6,25
2020/3/7,13
2020/3/8,18
2020/3/9,26
2020/3/10,34
2020/3/11,45
2020/3/12,41
2020/3/13,42
2020/3/14,35
2020/3/15,26
2020/3/16,64
2020/3/17,61
2020/3/18,73
2020/3/19,84
2020/3/20,64
2020/3/21,56
2020/3/22,51
2020/3/23,94
2020/3/24,103
2020/3/25,90
2020/3/26,114
2020/3/27,113
2020/3/28,54
2020/3/29,64
2020/3/30,145
2020/3/31,147
2020/4/1,118
2020/4/2,139
2020/4/3,133
2020/4/4,57
2020/4/5,53
2020/4/6,95
2020/4/7,168
2020/4/8,147
2020/4/9,166
2020/4/10,153
2020/4/11,106
2020/4/12,97
2020/4/13,158
2020/4/14,167
2020/4/15,154
2020/4/16,166
2020/4/17,176
2020/4/18,116
2020/4/19,79
2020/4/20,176
2020/4/21,174
2020/4/22,195
2020/4/23,196
2020/4/24,187
2020/4/25,120
2020/4/26,206
2020/4/27,210
2020/4/28,209
2020/4/29,193
2020/4/30,195
2020/5/1,97
2020/5/2,85
2020/5/3,89
2020/5/4,93
2020/5/5,106
2020/5/6,204
2020/5/7,215
2020/5/8,209
2020/5/9,206
2020/5/10,124
2020/5/11,219
2020/5/12,232
2020/5/13,226
2020/5/14,226
2020/5/15,231
2020/5/16,136
2020/5/17,119
2020/5/18,236
2020/5/19,225
2020/5/20,222
2020/5/21,208
2020/5/22,224
2020/5/23,135
2020/5/24,119
2020/5/25,210
2020/5/26,215
2020/5/27,236
2020/5/28,251
2020/5/29,227
2020/5/30,142
2020/5/31,113
2020/6/1,249
2020/6/2,222
2020/6/3,231
2020/6/4,219
2020/6/5,240
2020/6/6,157
2020/6/7,119
2020/6/8,240
2020/6/9,235
2020/6/10,238
2020/6/11,239
2020/6/12,237
2020/6/13,150
2020/6/14,126
2020/6/15,254
2020/6/16,222
2020/6/17,222
2020/6/18,234
2020/6/19,288
2020/6/20,155
2020/6/21,128
2020/6/22,242
2020/6/23,220
2020/6/24,235
2020/6/25,90
2020/6/26,119
2020/6/27,107
2020/6/28,231
2020/6/29,248
2020/6/30,244
2020/7/1,201
2020/7/2,231
2020/7/3,230
2020/7/4,159
2020/7/5,109
2020/7/6,217
2020/7/7,214
2020/7/8,268
2020/7/9,228
2020/7/10,270
2020/7/11,139
2020/7/12,119
2020/7/13,263
2020/7/14,238
2020/7/15,264
2020/7/16,233
